{"pce": 0.05, "voc": 0.58, "jsc": 10.6, "iv_curve": [10.6, 10.378474399164054, 10.15694879832811, 9.935423197492163, 9.713897596656217, 9.492371995820271, 9.270846394984327, 9.04932079414838, 8.827795193312435, 8.606269592476488, 8.384743991640542, 8.163218390804596, 7.941692789968652, 7.720167189132706, 7.49864158829676, 7.277115987460814, 7.0555903866248695, 6.834064785788923, 6.612539184952978, 6.391013584117032, 6.169487983281086, 5.947962382445142, 5.726436781609194, 5.504911180773248, 5.2833855799373035, 5.061859979101357, 4.840334378265412, 4.618808777429466, 4.39728317659352, 4.175757575757576, 3.9542319749216293, 3.7327063740856845, 3.5111807732497384, 3.2896551724137924, 3.0681295715778463, 2.8466039707419006, 2.6250783699059554, 2.4035527690700094, 2.1820271682340637, 1.9605015673981188, 1.7389759665621727, 1.5174503657262277, 1.295924764890283, 1.0743991640543358, 0.8528735632183897, 0.6313479623824448, 0.4098223615464977, 0.18829676071055282, 0, 0, 0, 0, 0, 0, 0, 0, 0, 0, 0, 0, 0, 0, 0, 0, 0, 0, 0, 0, 0, 0, 0, 0, 0, 0, 0, 0, 0, 0, 0, 0, 0, 0, 0, 0, 0, 0, 0, 0, 0, 0, 0, 0, 0, 0, 0, 0, 0, 0, 0, 0], "quantum_efficiency": [0.012293673630194298, 0.012894758196071145, 0.013490374007732776, 0.014078002352998963, 0.014655239586021416, 0.01521983425787496, 0.015769722148927672, 0.016303058375212714, 0.016818245771105893, 0.01731395879920674, 0.017789162305037534, 0.018243124518346934, 0.018675423803496537, 0.01908594877742628, 0.0194748915435728, 0.019842733932106053, 0.020190226788895684, 0.020518362515318196, 0.020828341225600108, 0.02112153105469474, 0.02139942331414362, 0.021663583352018005, 0.02191559812156225, 0.022157021596978445, 0.02238931928914431, 0.022613813204159377, 0.022831628648841234, 0.02304364431537857, 0.02325044706861592, 0.02345229281104806, 0.023649074710748, 0.023840299945615144, 0.024025075944426606, 0.02420210689368212, 0.02436970103325554, 0.024525788989111487, 0.024667953095035562, 0.024793467346010154, 0.024899347313165846, 0.024982409044505924, 0.025039335687537835, 0.02506675031015261, 0.025061293174623946, 0.02501970154549115, 0.0249388899929417, 0.024816029094887407, 0.02464862044686186, 0.024434565960418562, 0.02417222956665991, 0.023860489638165575, 0.023498780693824106, 0.02308712324865034, 0.022626141004507813, 0.02211706493623506, 0.021561724198541486, 0.020962524149310137, 0.020322412141856684, 0.01964483207012959, 0.01893366894582179, 0.01819318503550438, 0.017427949281730512, 0.016642761869332084, 0.015842575873939, 0.015032417943586309, 0.014217309917973478, 0.01340219318751155, 0.012591857441668571, 0.011790875260823687, 0.011003543776597487, 0.010233834371965731, 0.009485351124274198, 0.008761298421387002, 0.008064457913002627, 0.007397174704249592, 0.006761352464530633, 0.00615845691741684, 0.005589527001943401, 0.005055192855138946, 0.00455569966171321, 0.004090936349747306, 0.003660468079846068, 0.003263571477213948, 0.002899271588220273, 0.0025663796011918824, 0.0022635304508576357, 0.0019892195222341027, 0.0017418377778791443, 0.0015197047475783315, 0.0013210989371959816, 0.0011442853295850182, 0.0009875397616160848, 0.0008491700646737503, 0.0007275339491350601, 0.0006210536947982647, 0.0005282277779910718, 0.00044763962175677503, 0.0003779636981991248, 0.00031796924230273927, 0.0002665218552236135, 0.00022258328331727903]}